ticker,title,status,yes_price_cents,no_price_cents,yes_probability,no_probability,close_time,outcome,category,subtitle
KXQUICKSETTLE-26JAN02H2300-3,Will 1+1 equal 3 on Jan 02 at 23:00?,active,70,0,0.7,,2026-01-03T04:00:00Z,,,
KXQUICKSETTLE-26JAN02H2300-2,Will 1+1 equal 2 on Jan 02 at 23:00?,active,70,0,0.7,,2026-01-03T04:00:00Z,,,
KXNCAAMBSPREAD-26JAN03PROVSJU-SJU8,St. John's wins by over 8.5 Points?,active,0,100,,1.0,2026-01-17T17:00:00Z,,,
KXNCAAMBSPREAD-26JAN03PROVSJU-SJU5,St. John's wins by over 5.5 Points?,active,0,100,,1.0,2026-01-17T17:00:00Z,,,
KXNCAAMBSPREAD-26JAN03PROVSJU-SJU26,St. John's wins by over 26.5 Points?,active,0,100,,1.0,2026-01-17T17:00:00Z,,,
KXNCAAMBSPREAD-26JAN03PROVSJU-SJU23,St. John's wins by over 23.5 Points?,active,0,100,,1.0,2026-01-17T17:00:00Z,,,
KXNCAAMBSPREAD-26JAN03PROVSJU-SJU20,St. John's wins by over 20.5 Points?,active,0,100,,1.0,2026-01-17T17:00:00Z,,,
KXNCAAMBSPREAD-26JAN03PROVSJU-SJU2,St. John's wins by over 2.5 Points?,active,0,100,,1.0,2026-01-17T17:00:00Z,,,
KXNCAAMBSPREAD-26JAN03PROVSJU-SJU17,St. John's wins by over 17.5 Points?,active,0,100,,1.0,2026-01-17T17:00:00Z,,,
KXNCAAMBSPREAD-26JAN03PROVSJU-SJU14,St. John's wins by over 14.5 Points?,active,0,100,,1.0,2026-01-17T17:00:00Z,,,
KXNCAAMBSPREAD-26JAN03PROVSJU-SJU11,St. John's wins by over 11.5 Points?,active,0,100,,1.0,2026-01-17T17:00:00Z,,,
KXNCAAMBSPREAD-26JAN03PROVSJU-PROV4,Providence wins by over 4.5 Points?,active,0,100,,1.0,2026-01-17T17:00:00Z,,,
KXNCAAMBSPREAD-26JAN03PROVSJU-PROV1,Providence wins by over 1.5 Points?,active,0,100,,1.0,2026-01-17T17:00:00Z,,,
KXNCAAMBSPREAD-26JAN03UKALA-UK7,Kentucky wins by over 7.5 Points?,active,0,100,,1.0,2026-01-17T17:00:00Z,,,
KXNCAAMBSPREAD-26JAN03UKALA-UK4,Kentucky wins by over 4.5 Points?,active,0,100,,1.0,2026-01-17T17:00:00Z,,,
KXNCAAMBSPREAD-26JAN03UKALA-UK10,Kentucky wins by over 10.5 Points?,active,0,100,,1.0,2026-01-17T17:00:00Z,,,
KXNCAAMBSPREAD-26JAN03UKALA-UK1,Kentucky wins by over 1.5 Points?,active,0,100,,1.0,2026-01-17T17:00:00Z,,,
KXNCAAMBSPREAD-26JAN03UKALA-ALA8,Alabama wins by over 8.5 Points?,active,0,100,,1.0,2026-01-17T17:00:00Z,,,
KXNCAAMBSPREAD-26JAN03UKALA-ALA5,Alabama wins by over 5.5 Points?,active,0,100,,1.0,2026-01-17T17:00:00Z,,,
KXNCAAMBSPREAD-26JAN03UKALA-ALA20,Alabama wins by over 20.5 Points?,active,0,100,,1.0,2026-01-17T17:00:00Z,,,
KXNCAAMBSPREAD-26JAN03UKALA-ALA2,Alabama wins by over 2.5 Points?,active,0,100,,1.0,2026-01-17T17:00:00Z,,,
KXNCAAMBSPREAD-26JAN03UKALA-ALA17,Alabama wins by over 17.5 Points?,active,0,100,,1.0,2026-01-17T17:00:00Z,,,
KXNCAAMBSPREAD-26JAN03UKALA-ALA14,Alabama wins by over 14.5 Points?,active,0,100,,1.0,2026-01-17T17:00:00Z,,,
KXNCAAMBSPREAD-26JAN03UKALA-ALA11,Alabama wins by over 11.5 Points?,active,0,100,,1.0,2026-01-17T17:00:00Z,,,
KXNCAAMBSPREAD-26JAN03VILLBUT-VILL7,Villanova wins by over 7.5 Points?,active,0,100,,1.0,2026-01-17T17:00:00Z,,,
KXNCAAMBSPREAD-26JAN03VILLBUT-VILL4,Villanova wins by over 4.5 Points?,active,0,100,,1.0,2026-01-17T17:00:00Z,,,
KXNCAAMBSPREAD-26JAN03VILLBUT-VILL16,Villanova wins by over 16.5 Points?,active,0,100,,1.0,2026-01-17T17:00:00Z,,,
KXNCAAMBSPREAD-26JAN03VILLBUT-VILL13,Villanova wins by over 13.5 Points?,active,0,100,,1.0,2026-01-17T17:00:00Z,,,
KXNCAAMBSPREAD-26JAN03VILLBUT-VILL10,Villanova wins by over 10.5 Points?,active,0,100,,1.0,2026-01-17T17:00:00Z,,,
KXNCAAMBSPREAD-26JAN03VILLBUT-VILL1,Villanova wins by over 1.5 Points?,active,0,100,,1.0,2026-01-17T17:00:00Z,,,
KXNCAAMBSPREAD-26JAN03VILLBUT-BUT8,Butler wins by over 8.5 Points?,active,0,100,,1.0,2026-01-17T17:00:00Z,,,
KXNCAAMBSPREAD-26JAN03VILLBUT-BUT5,Butler wins by over 5.5 Points?,active,0,100,,1.0,2026-01-17T17:00:00Z,,,
KXNCAAMBSPREAD-26JAN03VILLBUT-BUT2,Butler wins by over 2.5 Points?,active,0,100,,1.0,2026-01-17T17:00:00Z,,,
KXNCAAMBSPREAD-26JAN03VILLBUT-BUT14,Butler wins by over 14.5 Points?,active,0,100,,1.0,2026-01-17T17:00:00Z,,,
KXNCAAMBSPREAD-26JAN03VILLBUT-BUT11,Butler wins by over 11.5 Points?,active,0,100,,1.0,2026-01-17T17:00:00Z,,,
KXNCAAMBTOTAL-26JAN03PROVSJU-184,Providence at St. John's: Total Points,active,0,100,,1.0,2026-01-17T17:00:00Z,,,
KXNCAAMBTOTAL-26JAN03PROVSJU-181,Providence at St. John's: Total Points,active,0,100,,1.0,2026-01-17T17:00:00Z,,,
KXNCAAMBTOTAL-26JAN03PROVSJU-178,Providence at St. John's: Total Points,active,0,100,,1.0,2026-01-17T17:00:00Z,,,
KXNCAAMBTOTAL-26JAN03PROVSJU-175,Providence at St. John's: Total Points,active,0,100,,1.0,2026-01-17T17:00:00Z,,,
KXNCAAMBTOTAL-26JAN03PROVSJU-172,Providence at St. John's: Total Points,active,0,100,,1.0,2026-01-17T17:00:00Z,,,
KXNCAAMBTOTAL-26JAN03PROVSJU-169,Providence at St. John's: Total Points,active,0,100,,1.0,2026-01-17T17:00:00Z,,,
KXNCAAMBTOTAL-26JAN03PROVSJU-166,Providence at St. John's: Total Points,active,0,100,,1.0,2026-01-17T17:00:00Z,,,
KXNCAAMBTOTAL-26JAN03PROVSJU-163,Providence at St. John's: Total Points,active,0,100,,1.0,2026-01-17T17:00:00Z,,,
KXNCAAMBTOTAL-26JAN03PROVSJU-160,Providence at St. John's: Total Points,active,0,100,,1.0,2026-01-17T17:00:00Z,,,
KXNCAAMBTOTAL-26JAN03PROVSJU-157,Providence at St. John's: Total Points,active,0,100,,1.0,2026-01-17T17:00:00Z,,,
KXNCAAMBTOTAL-26JAN03PROVSJU-154,Providence at St. John's: Total Points,active,0,100,,1.0,2026-01-17T17:00:00Z,,,
KXNCAAMBTOTAL-26JAN03UKALA-186,Kentucky at Alabama: Total Points,active,0,100,,1.0,2026-01-17T17:00:00Z,,,
KXNCAAMBTOTAL-26JAN03UKALA-183,Kentucky at Alabama: Total Points,active,0,100,,1.0,2026-01-17T17:00:00Z,,,
KXNCAAMBTOTAL-26JAN03UKALA-180,Kentucky at Alabama: Total Points,active,0,100,,1.0,2026-01-17T17:00:00Z,,,
KXNCAAMBTOTAL-26JAN03UKALA-177,Kentucky at Alabama: Total Points,active,0,100,,1.0,2026-01-17T17:00:00Z,,,
KXNCAAMBTOTAL-26JAN03UKALA-174,Kentucky at Alabama: Total Points,active,0,100,,1.0,2026-01-17T17:00:00Z,,,
KXNCAAMBTOTAL-26JAN03UKALA-171,Kentucky at Alabama: Total Points,active,0,100,,1.0,2026-01-17T17:00:00Z,,,
KXNCAAMBTOTAL-26JAN03UKALA-168,Kentucky at Alabama: Total Points,active,0,100,,1.0,2026-01-17T17:00:00Z,,,
KXNCAAMBTOTAL-26JAN03UKALA-165,Kentucky at Alabama: Total Points,active,0,100,,1.0,2026-01-17T17:00:00Z,,,
KXNCAAMBTOTAL-26JAN03UKALA-162,Kentucky at Alabama: Total Points,active,0,100,,1.0,2026-01-17T17:00:00Z,,,
KXNCAAMBTOTAL-26JAN03UKALA-159,Kentucky at Alabama: Total Points,active,0,100,,1.0,2026-01-17T17:00:00Z,,,
KXNCAAMBTOTAL-26JAN03UKALA-156,Kentucky at Alabama: Total Points,active,0,100,,1.0,2026-01-17T17:00:00Z,,,
KXNCAAMBTOTAL-26JAN03VILLBUT-161,Villanova at Butler: Total Points,active,0,100,,1.0,2026-01-17T17:00:00Z,,,
KXNCAAMBTOTAL-26JAN03VILLBUT-158,Villanova at Butler: Total Points,active,0,100,,1.0,2026-01-17T17:00:00Z,,,
KXNCAAMBTOTAL-26JAN03VILLBUT-155,Villanova at Butler: Total Points,active,0,100,,1.0,2026-01-17T17:00:00Z,,,
KXNCAAMBTOTAL-26JAN03VILLBUT-152,Villanova at Butler: Total Points,active,0,100,,1.0,2026-01-17T17:00:00Z,,,
KXNCAAMBTOTAL-26JAN03VILLBUT-149,Villanova at Butler: Total Points,active,0,100,,1.0,2026-01-17T17:00:00Z,,,
KXNCAAMBTOTAL-26JAN03VILLBUT-146,Villanova at Butler: Total Points,active,0,100,,1.0,2026-01-17T17:00:00Z,,,
KXNCAAMBTOTAL-26JAN03VILLBUT-143,Villanova at Butler: Total Points,active,0,100,,1.0,2026-01-17T17:00:00Z,,,
KXNCAAMBTOTAL-26JAN03VILLBUT-140,Villanova at Butler: Total Points,active,0,100,,1.0,2026-01-17T17:00:00Z,,,
KXNCAAMBTOTAL-26JAN03VILLBUT-137,Villanova at Butler: Total Points,active,0,100,,1.0,2026-01-17T17:00:00Z,,,
KXNCAAMBTOTAL-26JAN03VILLBUT-134,Villanova at Butler: Total Points,active,0,100,,1.0,2026-01-17T17:00:00Z,,,
KXNCAAMBTOTAL-26JAN03VILLBUT-131,Villanova at Butler: Total Points,active,0,100,,1.0,2026-01-17T17:00:00Z,,,
KXNCAAMBSPREAD-26JAN03AUBUGA-UGA7,Georgia wins by over 7.5 Points?,active,0,100,,1.0,2026-01-17T18:00:00Z,,,
KXNCAAMBSPREAD-26JAN03AUBUGA-UGA4,Georgia wins by over 4.5 Points?,active,0,100,,1.0,2026-01-17T18:00:00Z,,,
KXNCAAMBSPREAD-26JAN03AUBUGA-UGA1,Georgia wins by over 1.5 Points?,active,0,100,,1.0,2026-01-17T18:00:00Z,,,
KXNCAAMBTOTAL-26JAN03AUBUGA-176,Auburn at Georgia: Total Points,active,0,100,,1.0,2026-01-17T18:00:00Z,,,
KXNCAAMBTOTAL-26JAN03AUBUGA-173,Auburn at Georgia: Total Points,active,0,100,,1.0,2026-01-17T18:00:00Z,,,
KXNCAAMBTOTAL-26JAN03AUBUGA-170,Auburn at Georgia: Total Points,active,0,100,,1.0,2026-01-17T18:00:00Z,,,
KXNCAAMBSPREAD-26JAN03BYUKSU-KSU8,Kansas St. wins by over 8.5 Points?,active,0,100,,1.0,2026-01-17T18:30:00Z,,,
KXNCAAMBSPREAD-26JAN03BYUKSU-KSU5,Kansas St. wins by over 5.5 Points?,active,0,100,,1.0,2026-01-17T18:30:00Z,,,
KXNCAAMBSPREAD-26JAN03BYUKSU-KSU2,Kansas St. wins by over 2.5 Points?,active,0,100,,1.0,2026-01-17T18:30:00Z,,,
KXNCAAMBSPREAD-26JAN03BYUKSU-BYU7,BYU wins by over 7.5 Points?,active,0,100,,1.0,2026-01-17T18:30:00Z,,,
KXNCAAMBSPREAD-26JAN03BYUKSU-BYU4,BYU wins by over 4.5 Points?,active,0,100,,1.0,2026-01-17T18:30:00Z,,,
KXNCAAMBSPREAD-26JAN03BYUKSU-BYU22,BYU wins by over 22.5 Points?,active,0,100,,1.0,2026-01-17T18:30:00Z,,,
KXNCAAMBSPREAD-26JAN03BYUKSU-BYU19,BYU wins by over 19.5 Points?,active,0,100,,1.0,2026-01-17T18:30:00Z,,,
KXNCAAMBSPREAD-26JAN03BYUKSU-BYU16,BYU wins by over 16.5 Points?,active,0,100,,1.0,2026-01-17T18:30:00Z,,,
KXNCAAMBSPREAD-26JAN03BYUKSU-BYU13,BYU wins by over 13.5 Points?,active,0,100,,1.0,2026-01-17T18:30:00Z,,,
KXNCAAMBSPREAD-26JAN03BYUKSU-BYU10,BYU wins by over 10.5 Points?,active,0,100,,1.0,2026-01-17T18:30:00Z,,,
KXNCAAMBSPREAD-26JAN03BYUKSU-BYU1,BYU wins by over 1.5 Points?,active,0,100,,1.0,2026-01-17T18:30:00Z,,,
KXNCAAMBTOTAL-26JAN03BYUKSU-186,BYU at Kansas St.: Total Points,active,0,100,,1.0,2026-01-17T18:30:00Z,,,
KXNCAAMBTOTAL-26JAN03BYUKSU-183,BYU at Kansas St.: Total Points,active,0,100,,1.0,2026-01-17T18:30:00Z,,,
KXNCAAMBTOTAL-26JAN03BYUKSU-180,BYU at Kansas St.: Total Points,active,0,100,,1.0,2026-01-17T18:30:00Z,,,
KXNCAAMBTOTAL-26JAN03BYUKSU-177,BYU at Kansas St.: Total Points,active,0,100,,1.0,2026-01-17T18:30:00Z,,,
KXNCAAMBTOTAL-26JAN03BYUKSU-174,BYU at Kansas St.: Total Points,active,0,100,,1.0,2026-01-17T18:30:00Z,,,
KXNCAAMBTOTAL-26JAN03BYUKSU-171,BYU at Kansas St.: Total Points,active,0,100,,1.0,2026-01-17T18:30:00Z,,,
KXNCAAMBTOTAL-26JAN03BYUKSU-168,BYU at Kansas St.: Total Points,active,0,100,,1.0,2026-01-17T18:30:00Z,,,
KXNCAAMBTOTAL-26JAN03BYUKSU-165,BYU at Kansas St.: Total Points,active,0,100,,1.0,2026-01-17T18:30:00Z,,,
KXNCAAMBTOTAL-26JAN03BYUKSU-162,BYU at Kansas St.: Total Points,active,0,100,,1.0,2026-01-17T18:30:00Z,,,
KXNCAAMBTOTAL-26JAN03BYUKSU-159,BYU at Kansas St.: Total Points,active,0,100,,1.0,2026-01-17T18:30:00Z,,,
KXNCAAMBTOTAL-26JAN03BYUKSU-156,BYU at Kansas St.: Total Points,active,0,100,,1.0,2026-01-17T18:30:00Z,,,
KXNCAAMBSPREAD-26JAN03BAYTCU-TCU7,TCU wins by over 7.5 Points?,active,0,100,,1.0,2026-01-17T19:00:00Z,,,
KXNCAAMBSPREAD-26JAN03BAYTCU-TCU4,TCU wins by over 4.5 Points?,active,0,100,,1.0,2026-01-17T19:00:00Z,,,
KXNCAAMBSPREAD-26JAN03BAYTCU-TCU16,TCU wins by over 16.5 Points?,active,0,100,,1.0,2026-01-17T19:00:00Z,,,
KXNCAAMBSPREAD-26JAN03BAYTCU-TCU13,TCU wins by over 13.5 Points?,active,0,100,,1.0,2026-01-17T19:00:00Z,,,
KXNCAAMBSPREAD-26JAN03BAYTCU-TCU10,TCU wins by over 10.5 Points?,active,0,100,,1.0,2026-01-17T19:00:00Z,,,
KXNCAAMBSPREAD-26JAN03BAYTCU-TCU1,TCU wins by over 1.5 Points?,active,0,100,,1.0,2026-01-17T19:00:00Z,,,
KXNCAAMBSPREAD-26JAN03BAYTCU-BAY8,Baylor wins by over 8.5 Points?,active,0,100,,1.0,2026-01-17T19:00:00Z,,,
KXNCAAMBSPREAD-26JAN03BAYTCU-BAY5,Baylor wins by over 5.5 Points?,active,0,100,,1.0,2026-01-17T19:00:00Z,,,
KXNCAAMBSPREAD-26JAN03BAYTCU-BAY2,Baylor wins by over 2.5 Points?,active,0,100,,1.0,2026-01-17T19:00:00Z,,,
KXNCAAMBSPREAD-26JAN03BAYTCU-BAY14,Baylor wins by over 14.5 Points?,active,0,100,,1.0,2026-01-17T19:00:00Z,,,
KXNCAAMBSPREAD-26JAN03BAYTCU-BAY11,Baylor wins by over 11.5 Points?,active,0,100,,1.0,2026-01-17T19:00:00Z,,,
KXNCAAMBSPREAD-26JAN03HOUCIN-HOU8,Houston wins by over 8.5 Points?,active,0,100,,1.0,2026-01-17T19:00:00Z,,,
KXNCAAMBSPREAD-26JAN03HOUCIN-HOU5,Houston wins by over 5.5 Points?,active,0,100,,1.0,2026-01-17T19:00:00Z,,,
KXNCAAMBSPREAD-26JAN03HOUCIN-HOU23,Houston wins by over 23.5 Points?,active,0,100,,1.0,2026-01-17T19:00:00Z,,,
KXNCAAMBSPREAD-26JAN03HOUCIN-HOU20,Houston wins by over 20.5 Points?,active,0,100,,1.0,2026-01-17T19:00:00Z,,,
KXNCAAMBSPREAD-26JAN03HOUCIN-HOU2,Houston wins by over 2.5 Points?,active,0,100,,1.0,2026-01-17T19:00:00Z,,,
KXNCAAMBSPREAD-26JAN03HOUCIN-HOU17,Houston wins by over 17.5 Points?,active,0,100,,1.0,2026-01-17T19:00:00Z,,,
KXNCAAMBSPREAD-26JAN03HOUCIN-HOU14,Houston wins by over 14.5 Points?,active,0,100,,1.0,2026-01-17T19:00:00Z,,,
KXNCAAMBSPREAD-26JAN03HOUCIN-HOU11,Houston wins by over 11.5 Points?,active,0,100,,1.0,2026-01-17T19:00:00Z,,,
KXNCAAMBSPREAD-26JAN03HOUCIN-CIN7,Cincinnati wins by over 7.5 Points?,active,0,100,,1.0,2026-01-17T19:00:00Z,,,
KXNCAAMBSPREAD-26JAN03HOUCIN-CIN4,Cincinnati wins by over 4.5 Points?,active,0,100,,1.0,2026-01-17T19:00:00Z,,,
KXNCAAMBSPREAD-26JAN03HOUCIN-CIN1,Cincinnati wins by over 1.5 Points?,active,0,100,,1.0,2026-01-17T19:00:00Z,,,
KXNCAAMBSPREAD-26JAN03KUUCF-UCF8,UCF wins by over 8.5 Points?,active,0,100,,1.0,2026-01-17T19:00:00Z,,,
KXNCAAMBSPREAD-26JAN03KUUCF-UCF5,UCF wins by over 5.5 Points?,active,0,100,,1.0,2026-01-17T19:00:00Z,,,
KXNCAAMBSPREAD-26JAN03KUUCF-UCF2,UCF wins by over 2.5 Points?,active,0,100,,1.0,2026-01-17T19:00:00Z,,,
KXNCAAMBSPREAD-26JAN03KUUCF-UCF11,UCF wins by over 11.5 Points?,active,0,100,,1.0,2026-01-17T19:00:00Z,,,
KXNCAAMBSPREAD-26JAN03KUUCF-KU7,Kansas wins by over 7.5 Points?,active,0,100,,1.0,2026-01-17T19:00:00Z,,,
KXNCAAMBSPREAD-26JAN03KUUCF-KU4,Kansas wins by over 4.5 Points?,active,0,100,,1.0,2026-01-17T19:00:00Z,,,
KXNCAAMBSPREAD-26JAN03KUUCF-KU19,Kansas wins by over 19.5 Points?,active,0,100,,1.0,2026-01-17T19:00:00Z,,,
KXNCAAMBSPREAD-26JAN03KUUCF-KU16,Kansas wins by over 16.5 Points?,active,0,100,,1.0,2026-01-17T19:00:00Z,,,
KXNCAAMBSPREAD-26JAN03KUUCF-KU13,Kansas wins by over 13.5 Points?,active,0,100,,1.0,2026-01-17T19:00:00Z,,,
KXNCAAMBSPREAD-26JAN03KUUCF-KU10,Kansas wins by over 10.5 Points?,active,0,100,,1.0,2026-01-17T19:00:00Z,,,
KXNCAAMBSPREAD-26JAN03KUUCF-KU1,Kansas wins by over 1.5 Points?,active,0,100,,1.0,2026-01-17T19:00:00Z,,,
KXNCAAMBSPREAD-26JAN03VANSCAR-VAN7,Vanderbilt wins by over 7.5 Points?,active,0,100,,1.0,2026-01-17T19:00:00Z,,,
KXNCAAMBSPREAD-26JAN03VANSCAR-VAN4,Vanderbilt wins by over 4.5 Points?,active,0,100,,1.0,2026-01-17T19:00:00Z,,,
KXNCAAMBSPREAD-26JAN03VANSCAR-VAN25,Vanderbilt wins by over 25.5 Points?,active,0,100,,1.0,2026-01-17T19:00:00Z,,,
KXNCAAMBSPREAD-26JAN03VANSCAR-VAN22,Vanderbilt wins by over 22.5 Points?,active,0,100,,1.0,2026-01-17T19:00:00Z,,,
KXNCAAMBSPREAD-26JAN03VANSCAR-VAN19,Vanderbilt wins by over 19.5 Points?,active,0,100,,1.0,2026-01-17T19:00:00Z,,,
KXNCAAMBSPREAD-26JAN03VANSCAR-VAN16,Vanderbilt wins by over 16.5 Points?,active,0,100,,1.0,2026-01-17T19:00:00Z,,,
KXNCAAMBSPREAD-26JAN03VANSCAR-VAN13,Vanderbilt wins by over 13.5 Points?,active,0,100,,1.0,2026-01-17T19:00:00Z,,,
KXNCAAMBSPREAD-26JAN03VANSCAR-VAN10,Vanderbilt wins by over 10.5 Points?,active,0,100,,1.0,2026-01-17T19:00:00Z,,,
KXNCAAMBSPREAD-26JAN03VANSCAR-VAN1,Vanderbilt wins by over 1.5 Points?,active,0,100,,1.0,2026-01-17T19:00:00Z,,,
KXNCAAMBSPREAD-26JAN03VANSCAR-SCAR5,South Carolina wins by over 5.5 Points?,active,0,100,,1.0,2026-01-17T19:00:00Z,,,
KXNCAAMBSPREAD-26JAN03VANSCAR-SCAR2,South Carolina wins by over 2.5 Points?,active,0,100,,1.0,2026-01-17T19:00:00Z,,,
KXNCAAMBTOTAL-26JAN03BAYTCU-170,Baylor at TCU: Total Points,active,0,100,,1.0,2026-01-17T19:00:00Z,,,
KXNCAAMBTOTAL-26JAN03BAYTCU-167,Baylor at TCU: Total Points,active,0,100,,1.0,2026-01-17T19:00:00Z,,,
KXNCAAMBTOTAL-26JAN03BAYTCU-164,Baylor at TCU: Total Points,active,0,100,,1.0,2026-01-17T19:00:00Z,,,
KXNCAAMBTOTAL-26JAN03BAYTCU-161,Baylor at TCU: Total Points,active,0,100,,1.0,2026-01-17T19:00:00Z,,,
KXNCAAMBTOTAL-26JAN03BAYTCU-158,Baylor at TCU: Total Points,active,0,100,,1.0,2026-01-17T19:00:00Z,,,
KXNCAAMBTOTAL-26JAN03BAYTCU-155,Baylor at TCU: Total Points,active,0,100,,1.0,2026-01-17T19:00:00Z,,,
KXNCAAMBTOTAL-26JAN03BAYTCU-152,Baylor at TCU: Total Points,active,0,100,,1.0,2026-01-17T19:00:00Z,,,
KXNCAAMBTOTAL-26JAN03BAYTCU-149,Baylor at TCU: Total Points,active,0,100,,1.0,2026-01-17T19:00:00Z,,,
KXNCAAMBTOTAL-26JAN03BAYTCU-146,Baylor at TCU: Total Points,active,0,100,,1.0,2026-01-17T19:00:00Z,,,
KXNCAAMBTOTAL-26JAN03BAYTCU-143,Baylor at TCU: Total Points,active,0,100,,1.0,2026-01-17T19:00:00Z,,,
KXNCAAMBTOTAL-26JAN03BAYTCU-140,Baylor at TCU: Total Points,active,0,100,,1.0,2026-01-17T19:00:00Z,,,
KXNCAAMBTOTAL-26JAN03HOUCIN-147,Houston at Cincinnati: Total Points,active,0,100,,1.0,2026-01-17T19:00:00Z,,,
KXNCAAMBTOTAL-26JAN03HOUCIN-144,Houston at Cincinnati: Total Points,active,0,100,,1.0,2026-01-17T19:00:00Z,,,
KXNCAAMBTOTAL-26JAN03HOUCIN-141,Houston at Cincinnati: Total Points,active,0,100,,1.0,2026-01-17T19:00:00Z,,,
KXNCAAMBTOTAL-26JAN03HOUCIN-138,Houston at Cincinnati: Total Points,active,0,100,,1.0,2026-01-17T19:00:00Z,,,
KXNCAAMBTOTAL-26JAN03HOUCIN-135,Houston at Cincinnati: Total Points,active,0,100,,1.0,2026-01-17T19:00:00Z,,,
KXNCAAMBTOTAL-26JAN03HOUCIN-132,Houston at Cincinnati: Total Points,active,0,100,,1.0,2026-01-17T19:00:00Z,,,
KXNCAAMBTOTAL-26JAN03HOUCIN-129,Houston at Cincinnati: Total Points,active,0,100,,1.0,2026-01-17T19:00:00Z,,,
KXNCAAMBTOTAL-26JAN03HOUCIN-126,Houston at Cincinnati: Total Points,active,0,100,,1.0,2026-01-17T19:00:00Z,,,
KXNCAAMBTOTAL-26JAN03HOUCIN-123,Houston at Cincinnati: Total Points,active,0,100,,1.0,2026-01-17T19:00:00Z,,,
KXNCAAMBTOTAL-26JAN03HOUCIN-120,Houston at Cincinnati: Total Points,active,0,100,,1.0,2026-01-17T19:00:00Z,,,
KXNCAAMBTOTAL-26JAN03HOUCIN-117,Houston at Cincinnati: Total Points,active,0,100,,1.0,2026-01-17T19:00:00Z,,,
KXNCAAMBTOTAL-26JAN03KUUCF-167,Kansas at UCF: Total Points,active,0,100,,1.0,2026-01-17T19:00:00Z,,,
KXNCAAMBTOTAL-26JAN03KUUCF-164,Kansas at UCF: Total Points,active,0,100,,1.0,2026-01-17T19:00:00Z,,,
KXNCAAMBTOTAL-26JAN03KUUCF-161,Kansas at UCF: Total Points,active,0,100,,1.0,2026-01-17T19:00:00Z,,,
KXNCAAMBTOTAL-26JAN03KUUCF-158,Kansas at UCF: Total Points,active,0,100,,1.0,2026-01-17T19:00:00Z,,,
KXNCAAMBTOTAL-26JAN03KUUCF-155,Kansas at UCF: Total Points,active,0,100,,1.0,2026-01-17T19:00:00Z,,,
KXNCAAMBTOTAL-26JAN03KUUCF-152,Kansas at UCF: Total Points,active,0,100,,1.0,2026-01-17T19:00:00Z,,,
KXNCAAMBTOTAL-26JAN03KUUCF-149,Kansas at UCF: Total Points,active,0,100,,1.0,2026-01-17T19:00:00Z,,,
KXNCAAMBTOTAL-26JAN03KUUCF-146,Kansas at UCF: Total Points,active,0,100,,1.0,2026-01-17T19:00:00Z,,,
KXNCAAMBTOTAL-26JAN03KUUCF-143,Kansas at UCF: Total Points,active,0,100,,1.0,2026-01-17T19:00:00Z,,,
KXNCAAMBTOTAL-26JAN03KUUCF-140,Kansas at UCF: Total Points,active,0,100,,1.0,2026-01-17T19:00:00Z,,,
KXNCAAMBTOTAL-26JAN03KUUCF-137,Kansas at UCF: Total Points,active,0,100,,1.0,2026-01-17T19:00:00Z,,,
KXNCAAMBTOTAL-26JAN03VANSCAR-170,Vanderbilt at South Carolina: Total Points,active,0,100,,1.0,2026-01-17T19:00:00Z,,,
KXNCAAMBTOTAL-26JAN03VANSCAR-167,Vanderbilt at South Carolina: Total Points,active,0,100,,1.0,2026-01-17T19:00:00Z,,,
KXNCAAMBTOTAL-26JAN03VANSCAR-164,Vanderbilt at South Carolina: Total Points,active,0,100,,1.0,2026-01-17T19:00:00Z,,,
KXNCAAMBTOTAL-26JAN03VANSCAR-161,Vanderbilt at South Carolina: Total Points,active,0,100,,1.0,2026-01-17T19:00:00Z,,,
KXNCAAMBTOTAL-26JAN03VANSCAR-158,Vanderbilt at South Carolina: Total Points,active,0,100,,1.0,2026-01-17T19:00:00Z,,,
KXNCAAMBTOTAL-26JAN03VANSCAR-155,Vanderbilt at South Carolina: Total Points,active,0,100,,1.0,2026-01-17T19:00:00Z,,,
KXNCAAMBTOTAL-26JAN03VANSCAR-152,Vanderbilt at South Carolina: Total Points,active,0,100,,1.0,2026-01-17T19:00:00Z,,,
KXNCAAMBTOTAL-26JAN03VANSCAR-149,Vanderbilt at South Carolina: Total Points,active,0,100,,1.0,2026-01-17T19:00:00Z,,,
KXNCAAMBTOTAL-26JAN03VANSCAR-146,Vanderbilt at South Carolina: Total Points,active,0,100,,1.0,2026-01-17T19:00:00Z,,,
KXNCAAMBTOTAL-26JAN03VANSCAR-143,Vanderbilt at South Carolina: Total Points,active,0,100,,1.0,2026-01-17T19:00:00Z,,,
KXNCAAMBTOTAL-26JAN03VANSCAR-140,Vanderbilt at South Carolina: Total Points,active,0,100,,1.0,2026-01-17T19:00:00Z,,,
KXNCAAMBSPREAD-26JAN03UNCSMU-UNC7,North Carolina wins by over 7.5 Points?,active,0,100,,1.0,2026-01-17T19:15:00Z,,,
KXNCAAMBSPREAD-26JAN03UNCSMU-UNC4,North Carolina wins by over 4.5 Points?,active,0,100,,1.0,2026-01-17T19:15:00Z,,,
KXNCAAMBSPREAD-26JAN03UNCSMU-UNC16,North Carolina wins by over 16.5 Points?,active,0,100,,1.0,2026-01-17T19:15:00Z,,,
KXNCAAMBSPREAD-26JAN03UNCSMU-UNC13,North Carolina wins by over 13.5 Points?,active,0,100,,1.0,2026-01-17T19:15:00Z,,,
KXNCAAMBSPREAD-26JAN03UNCSMU-UNC10,North Carolina wins by over 10.5 Points?,active,0,100,,1.0,2026-01-17T19:15:00Z,,,
KXNCAAMBSPREAD-26JAN03UNCSMU-UNC1,North Carolina wins by over 1.5 Points?,active,0,100,,1.0,2026-01-17T19:15:00Z,,,
KXNCAAMBSPREAD-26JAN03UNCSMU-SMU8,SMU wins by over 8.5 Points?,active,0,100,,1.0,2026-01-17T19:15:00Z,,,
KXNCAAMBSPREAD-26JAN03UNCSMU-SMU5,SMU wins by over 5.5 Points?,active,0,100,,1.0,2026-01-17T19:15:00Z,,,
KXNCAAMBSPREAD-26JAN03UNCSMU-SMU2,SMU wins by over 2.5 Points?,active,0,100,,1.0,2026-01-17T19:15:00Z,,,
KXNCAAMBSPREAD-26JAN03UNCSMU-SMU14,SMU wins by over 14.5 Points?,active,0,100,,1.0,2026-01-17T19:15:00Z,,,
KXNCAAMBSPREAD-26JAN03UNCSMU-SMU11,SMU wins by over 11.5 Points?,active,0,100,,1.0,2026-01-17T19:15:00Z,,,
KXNCAAMBTOTAL-26JAN03UNCSMU-167,North Carolina at SMU: Total Points,active,0,100,,1.0,2026-01-17T19:15:00Z,,,
KXNCAAMBTOTAL-26JAN03UNCSMU-164,North Carolina at SMU: Total Points,active,0,100,,1.0,2026-01-17T19:15:00Z,,,
KXNCAAMBTOTAL-26JAN03UNCSMU-161,North Carolina at SMU: Total Points,active,0,100,,1.0,2026-01-17T19:15:00Z,,,
KXNCAAMBTOTAL-26JAN03UNCSMU-158,North Carolina at SMU: Total Points,active,0,100,,1.0,2026-01-17T19:15:00Z,,,
KXNCAAMBTOTAL-26JAN03UNCSMU-155,North Carolina at SMU: Total Points,active,0,100,,1.0,2026-01-17T19:15:00Z,,,
KXNCAAMBTOTAL-26JAN03UNCSMU-152,North Carolina at SMU: Total Points,active,0,100,,1.0,2026-01-17T19:15:00Z,,,
KXNCAAMBTOTAL-26JAN03UNCSMU-149,North Carolina at SMU: Total Points,active,0,100,,1.0,2026-01-17T19:15:00Z,,,
KXNCAAMBTOTAL-26JAN03UNCSMU-146,North Carolina at SMU: Total Points,active,0,100,,1.0,2026-01-17T19:15:00Z,,,
KXNCAAMBTOTAL-26JAN03UNCSMU-143,North Carolina at SMU: Total Points,active,0,100,,1.0,2026-01-17T19:15:00Z,,,
KXNCAAMBTOTAL-26JAN03UNCSMU-140,North Carolina at SMU: Total Points,active,0,100,,1.0,2026-01-17T19:15:00Z,,,
KXNCAAMBTOTAL-26JAN03UNCSMU-137,North Carolina at SMU: Total Points,active,0,100,,1.0,2026-01-17T19:15:00Z,,,
KXNCAAMBSPREAD-26JAN03TENNARK-TENN1,Tennessee wins by over 1.5 Points?,active,0,100,,1.0,2026-01-17T20:00:00Z,,,
KXNCAAMBSPREAD-26JAN03TENNARK-ARK5,Arkansas wins by over 5.5 Points?,active,0,100,,1.0,2026-01-17T20:00:00Z,,,
KXNCAAMBSPREAD-26JAN03TENNARK-ARK2,Arkansas wins by over 2.5 Points?,active,0,100,,1.0,2026-01-17T20:00:00Z,,,
KXNCAAMBTOTAL-26JAN03TENNARK-159,Tennessee at Arkansas: Total Points,active,0,100,,1.0,2026-01-17T20:00:00Z,,,
KXNCAAMBTOTAL-26JAN03TENNARK-156,Tennessee at Arkansas: Total Points,active,0,100,,1.0,2026-01-17T20:00:00Z,,,
KXNCAAMBTOTAL-26JAN03TENNARK-153,Tennessee at Arkansas: Total Points,active,0,100,,1.0,2026-01-17T20:00:00Z,,,
KXNCAAMBSPREAD-26JAN03DUKEFSU-DUKE19,Duke wins by over 19.5 Points?,active,0,100,,1.0,2026-01-17T20:45:00Z,,,
KXNCAAMBSPREAD-26JAN03DUKEFSU-DUKE16,Duke wins by over 16.5 Points?,active,0,100,,1.0,2026-01-17T20:45:00Z,,,
KXNCAAMBSPREAD-26JAN03DUKEFSU-DUKE13,Duke wins by over 13.5 Points?,active,0,100,,1.0,2026-01-17T20:45:00Z,,,
KXNCAAMBTOTAL-26JAN03DUKEFSU-164,Duke at Florida St.: Total Points,active,0,100,,1.0,2026-01-17T20:45:00Z,,,
KXNCAAMBTOTAL-26JAN03DUKEFSU-161,Duke at Florida St.: Total Points,active,0,100,,1.0,2026-01-17T20:45:00Z,,,
KXNCAAMBTOTAL-26JAN03DUKEFSU-158,Duke at Florida St.: Total Points,active,0,100,,1.0,2026-01-17T20:45:00Z,,,
KXNCAAMBSPREAD-26JAN03ARIZUTAH-ARIZ7,Arizona wins by over 7.5 Points?,active,0,100,,1.0,2026-01-17T21:00:00Z,,,
KXNCAAMBSPREAD-26JAN03ARIZUTAH-ARIZ4,Arizona wins by over 4.5 Points?,active,0,100,,1.0,2026-01-17T21:00:00Z,,,
KXNCAAMBSPREAD-26JAN03ARIZUTAH-ARIZ34,Arizona wins by over 34.5 Points?,active,0,100,,1.0,2026-01-17T21:00:00Z,,,
KXNCAAMBSPREAD-26JAN03ARIZUTAH-ARIZ31,Arizona wins by over 31.5 Points?,active,0,100,,1.0,2026-01-17T21:00:00Z,,,
KXNCAAMBSPREAD-26JAN03ARIZUTAH-ARIZ28,Arizona wins by over 28.5 Points?,active,0,100,,1.0,2026-01-17T21:00:00Z,,,
KXNCAAMBSPREAD-26JAN03ARIZUTAH-ARIZ25,Arizona wins by over 25.5 Points?,active,0,100,,1.0,2026-01-17T21:00:00Z,,,
KXNCAAMBSPREAD-26JAN03ARIZUTAH-ARIZ22,Arizona wins by over 22.5 Points?,active,0,100,,1.0,2026-01-17T21:00:00Z,,,
KXNCAAMBSPREAD-26JAN03ARIZUTAH-ARIZ19,Arizona wins by over 19.5 Points?,active,0,100,,1.0,2026-01-17T21:00:00Z,,,
KXNCAAMBSPREAD-26JAN03ARIZUTAH-ARIZ16,Arizona wins by over 16.5 Points?,active,0,100,,1.0,2026-01-17T21:00:00Z,,,
KXNCAAMBSPREAD-26JAN03ARIZUTAH-ARIZ13,Arizona wins by over 13.5 Points?,active,0,100,,1.0,2026-01-17T21:00:00Z,,,
KXNCAAMBSPREAD-26JAN03ARIZUTAH-ARIZ10,Arizona wins by over 10.5 Points?,active,0,100,,1.0,2026-01-17T21:00:00Z,,,
KXNCAAMBTOTAL-26JAN03ARIZUTAH-177,Arizona at Utah: Total Points,active,0,100,,1.0,2026-01-17T21:00:00Z,,,
KXNCAAMBTOTAL-26JAN03ARIZUTAH-174,Arizona at Utah: Total Points,active,0,100,,1.0,2026-01-17T21:00:00Z,,,
KXNCAAMBTOTAL-26JAN03ARIZUTAH-171,Arizona at Utah: Total Points,active,0,100,,1.0,2026-01-17T21:00:00Z,,,
KXNCAAMBTOTAL-26JAN03ARIZUTAH-168,Arizona at Utah: Total Points,active,0,100,,1.0,2026-01-17T21:00:00Z,,,
KXNCAAMBTOTAL-26JAN03ARIZUTAH-165,Arizona at Utah: Total Points,active,0,100,,1.0,2026-01-17T21:00:00Z,,,
KXNCAAMBTOTAL-26JAN03ARIZUTAH-162,Arizona at Utah: Total Points,active,0,100,,1.0,2026-01-17T21:00:00Z,,,
KXNCAAMBTOTAL-26JAN03ARIZUTAH-159,Arizona at Utah: Total Points,active,0,100,,1.0,2026-01-17T21:00:00Z,,,
KXNCAAMBTOTAL-26JAN03ARIZUTAH-156,Arizona at Utah: Total Points,active,0,100,,1.0,2026-01-17T21:00:00Z,,,
KXNCAAMBTOTAL-26JAN03ARIZUTAH-153,Arizona at Utah: Total Points,active,0,100,,1.0,2026-01-17T21:00:00Z,,,
KXNCAAMBTOTAL-26JAN03ARIZUTAH-150,Arizona at Utah: Total Points,active,0,100,,1.0,2026-01-17T21:00:00Z,,,
KXNCAAMBTOTAL-26JAN03ARIZUTAH-147,Arizona at Utah: Total Points,active,0,100,,1.0,2026-01-17T21:00:00Z,,,
KXNBAMENTION-26JAN03MINMIA-TRIP,"What will the announcers say during Minnesota vs Miami professional basketball game originally scheduled for Jan 3, 2026?",active,0,100,,1.0,2026-01-04T03:00:00Z,,,
KXNBAMENTION-26JAN03MINMIA-TRAD,"What will the announcers say during Minnesota vs Miami professional basketball game originally scheduled for Jan 3, 2026?",active,0,100,,1.0,2026-01-04T03:00:00Z,,,
KXNBAMENTION-26JAN03MINMIA-TECH,"What will the announcers say during Minnesota vs Miami professional basketball game originally scheduled for Jan 3, 2026?",active,0,100,,1.0,2026-01-04T03:00:00Z,,,
KXNBAMENTION-26JAN03MINMIA-RETI,"What will the announcers say during Minnesota vs Miami professional basketball game originally scheduled for Jan 3, 2026?",active,0,100,,1.0,2026-01-04T03:00:00Z,,,
KXNBAMENTION-26JAN03MINMIA-PLAY,"What will the announcers say during Minnesota vs Miami professional basketball game originally scheduled for Jan 3, 2026?",active,0,100,,1.0,2026-01-04T03:00:00Z,,,
KXNBAMENTION-26JAN03MINMIA-MVP,"What will the announcers say during Minnesota vs Miami professional basketball game originally scheduled for Jan 3, 2026?",active,0,100,,1.0,2026-01-04T03:00:00Z,,,
KXNBAMENTION-26JAN03MINMIA-KASE,"What will the announcers say during Minnesota vs Miami professional basketball game originally scheduled for Jan 3, 2026?",active,0,100,,1.0,2026-01-04T03:00:00Z,,,
KXNBAMENTION-26JAN03MINMIA-INJU,"What will the announcers say during Minnesota vs Miami professional basketball game originally scheduled for Jan 3, 2026?",active,0,100,,1.0,2026-01-04T03:00:00Z,,,
KXNBAMENTION-26JAN03MINMIA-BUZZ,"What will the announcers say during Minnesota vs Miami professional basketball game originally scheduled for Jan 3, 2026?",active,0,100,,1.0,2026-01-04T03:00:00Z,,,
KXNBAMENTION-26JAN03MINMIA-ANKL,"What will the announcers say during Minnesota vs Miami professional basketball game originally scheduled for Jan 3, 2026?",active,0,100,,1.0,2026-01-04T03:00:00Z,,,
KXNBAMENTION-26JAN03MINMIA-ALLE,"What will the announcers say during Minnesota vs Miami professional basketball game originally scheduled for Jan 3, 2026?",active,0,100,,1.0,2026-01-04T03:00:00Z,,,
KXNBAMENTION-26JAN03MINMIA-ALL,"What will the announcers say during Minnesota vs Miami professional basketball game originally scheduled for Jan 3, 2026?",active,0,100,,1.0,2026-01-04T03:00:00Z,,,
KXNBAMENTION-26JAN03MINMIA-AIR,"What will the announcers say during Minnesota vs Miami professional basketball game originally scheduled for Jan 3, 2026?",active,0,100,,1.0,2026-01-04T03:00:00Z,,,
KXNCAAMBSPREAD-26JAN03ILLPSU-ILL9,Illinois wins by over 9.5 Points?,active,0,100,,1.0,2026-01-18T00:00:00Z,,,
KXNCAAMBSPREAD-26JAN03ILLPSU-ILL6,Illinois wins by over 6.5 Points?,active,0,100,,1.0,2026-01-18T00:00:00Z,,,
KXNCAAMBSPREAD-26JAN03ILLPSU-ILL33,Illinois wins by over 33.5 Points?,active,0,100,,1.0,2026-01-18T00:00:00Z,,,
KXNCAAMBSPREAD-26JAN03ILLPSU-ILL30,Illinois wins by over 30.5 Points?,active,0,100,,1.0,2026-01-18T00:00:00Z,,,
KXNCAAMBSPREAD-26JAN03ILLPSU-ILL3,Illinois wins by over 3.5 Points?,active,0,100,,1.0,2026-01-18T00:00:00Z,,,
KXNCAAMBSPREAD-26JAN03ILLPSU-ILL27,Illinois wins by over 27.5 Points?,active,0,100,,1.0,2026-01-18T00:00:00Z,,,
KXNCAAMBSPREAD-26JAN03ILLPSU-ILL24,Illinois wins by over 24.5 Points?,active,0,100,,1.0,2026-01-18T00:00:00Z,,,
KXNCAAMBSPREAD-26JAN03ILLPSU-ILL21,Illinois wins by over 21.5 Points?,active,0,100,,1.0,2026-01-18T00:00:00Z,,,
KXNCAAMBSPREAD-26JAN03ILLPSU-ILL18,Illinois wins by over 18.5 Points?,active,0,100,,1.0,2026-01-18T00:00:00Z,,,
KXNCAAMBSPREAD-26JAN03ILLPSU-ILL15,Illinois wins by over 15.5 Points?,active,0,100,,1.0,2026-01-18T00:00:00Z,,,
KXNCAAMBSPREAD-26JAN03ILLPSU-ILL12,Illinois wins by over 12.5 Points?,active,0,100,,1.0,2026-01-18T00:00:00Z,,,
KXNCAAMBTOTAL-26JAN03ILLPSU-171,Illinois at Penn St.: Total Points,active,0,100,,1.0,2026-01-18T00:00:00Z,,,
KXNCAAMBTOTAL-26JAN03ILLPSU-168,Illinois at Penn St.: Total Points,active,0,100,,1.0,2026-01-18T00:00:00Z,,,
KXNCAAMBTOTAL-26JAN03ILLPSU-165,Illinois at Penn St.: Total Points,active,0,100,,1.0,2026-01-18T00:00:00Z,,,
KXNCAAMBTOTAL-26JAN03ILLPSU-162,Illinois at Penn St.: Total Points,active,0,100,,1.0,2026-01-18T00:00:00Z,,,
KXNCAAMBTOTAL-26JAN03ILLPSU-159,Illinois at Penn St.: Total Points,active,0,100,,1.0,2026-01-18T00:00:00Z,,,
KXNCAAMBTOTAL-26JAN03ILLPSU-156,Illinois at Penn St.: Total Points,active,0,100,,1.0,2026-01-18T00:00:00Z,,,
KXNCAAMBTOTAL-26JAN03ILLPSU-153,Illinois at Penn St.: Total Points,active,0,100,,1.0,2026-01-18T00:00:00Z,,,
KXNCAAMBTOTAL-26JAN03ILLPSU-150,Illinois at Penn St.: Total Points,active,0,100,,1.0,2026-01-18T00:00:00Z,,,
KXNCAAMBTOTAL-26JAN03ILLPSU-147,Illinois at Penn St.: Total Points,active,0,100,,1.0,2026-01-18T00:00:00Z,,,
KXNCAAMBTOTAL-26JAN03ILLPSU-144,Illinois at Penn St.: Total Points,active,0,100,,1.0,2026-01-18T00:00:00Z,,,
KXNCAAMBTOTAL-26JAN03ILLPSU-141,Illinois at Penn St.: Total Points,active,0,100,,1.0,2026-01-18T00:00:00Z,,,
KXNCAAMBSPREAD-26JAN03PURWIS-WIS8,Wisconsin wins by over 8.5 Points?,active,0,100,,1.0,2026-01-18T01:00:00Z,,,
KXNCAAMBSPREAD-26JAN03PURWIS-WIS5,Wisconsin wins by over 5.5 Points?,active,0,100,,1.0,2026-01-18T01:00:00Z,,,
KXNCAAMBSPREAD-26JAN03PURWIS-WIS2,Wisconsin wins by over 2.5 Points?,active,0,100,,1.0,2026-01-18T01:00:00Z,,,
KXNCAAMBSPREAD-26JAN03PURWIS-PUR7,Purdue wins by over 7.5 Points?,active,0,100,,1.0,2026-01-18T01:00:00Z,,,
KXNCAAMBSPREAD-26JAN03PURWIS-PUR4,Purdue wins by over 4.5 Points?,active,0,100,,1.0,2026-01-18T01:00:00Z,,,
KXNCAAMBSPREAD-26JAN03PURWIS-PUR22,Purdue wins by over 22.5 Points?,active,0,100,,1.0,2026-01-18T01:00:00Z,,,
KXNCAAMBSPREAD-26JAN03PURWIS-PUR19,Purdue wins by over 19.5 Points?,active,0,100,,1.0,2026-01-18T01:00:00Z,,,
KXNCAAMBSPREAD-26JAN03PURWIS-PUR16,Purdue wins by over 16.5 Points?,active,0,100,,1.0,2026-01-18T01:00:00Z,,,
KXNCAAMBSPREAD-26JAN03PURWIS-PUR13,Purdue wins by over 13.5 Points?,active,0,100,,1.0,2026-01-18T01:00:00Z,,,
KXNCAAMBSPREAD-26JAN03PURWIS-PUR10,Purdue wins by over 10.5 Points?,active,0,100,,1.0,2026-01-18T01:00:00Z,,,
KXNCAAMBSPREAD-26JAN03PURWIS-PUR1,Purdue wins by over 1.5 Points?,active,0,100,,1.0,2026-01-18T01:00:00Z,,,
KXNCAAMBTOTAL-26JAN03PURWIS-166,Purdue at Wisconsin: Total Points,active,0,100,,1.0,2026-01-18T01:00:00Z,,,
KXNCAAMBTOTAL-26JAN03PURWIS-163,Purdue at Wisconsin: Total Points,active,0,100,,1.0,2026-01-18T01:00:00Z,,,
KXNCAAMBTOTAL-26JAN03PURWIS-160,Purdue at Wisconsin: Total Points,active,0,100,,1.0,2026-01-18T01:00:00Z,,,
KXNCAAMBTOTAL-26JAN03PURWIS-157,Purdue at Wisconsin: Total Points,active,0,100,,1.0,2026-01-18T01:00:00Z,,,
KXNCAAMBTOTAL-26JAN03PURWIS-154,Purdue at Wisconsin: Total Points,active,0,100,,1.0,2026-01-18T01:00:00Z,,,
KXNCAAMBTOTAL-26JAN03PURWIS-151,Purdue at Wisconsin: Total Points,active,0,100,,1.0,2026-01-18T01:00:00Z,,,
KXNCAAMBTOTAL-26JAN03PURWIS-148,Purdue at Wisconsin: Total Points,active,0,100,,1.0,2026-01-18T01:00:00Z,,,
KXNCAAMBTOTAL-26JAN03PURWIS-145,Purdue at Wisconsin: Total Points,active,0,100,,1.0,2026-01-18T01:00:00Z,,,
KXNCAAMBTOTAL-26JAN03PURWIS-142,Purdue at Wisconsin: Total Points,active,0,100,,1.0,2026-01-18T01:00:00Z,,,
KXNCAAMBTOTAL-26JAN03PURWIS-139,Purdue at Wisconsin: Total Points,active,0,100,,1.0,2026-01-18T01:00:00Z,,,
KXNCAAMBTOTAL-26JAN03PURWIS-136,Purdue at Wisconsin: Total Points,active,0,100,,1.0,2026-01-18T01:00:00Z,,,
KXNFLRSHYDS-26JAN03SEASF-SFBROBINSON3-40,Brian Robinson Jr. records 40+ rushing yards,active,0,100,,1.0,2026-01-18T01:00:00Z,,,
KXNFLRSHYDS-26JAN03SEASF-SFBROBINSON3-30,Brian Robinson Jr. records 30+ rushing yards,active,0,100,,1.0,2026-01-18T01:00:00Z,,,
KXNFLRSHYDS-26JAN03SEASF-SFBROBINSON3-20,Brian Robinson Jr. records 20+ rushing yards,active,0,100,,1.0,2026-01-18T01:00:00Z,,,
KXNFLRSHYDS-26JAN03SEASF-SFBROBINSON3-10,Brian Robinson Jr. records 10+ rushing yards,active,0,100,,1.0,2026-01-18T01:00:00Z,,,
KXNBAMENTION-26JAN03PHINYK-TRIP,"What will the announcers say during Philadelphia vs New York professional basketball game originally scheduled for Jan 3, 2026?",active,0,100,,1.0,2026-01-04T05:30:00Z,,,
KXNBAMENTION-26JAN03PHINYK-TRAD,"What will the announcers say during Philadelphia vs New York professional basketball game originally scheduled for Jan 3, 2026?",active,0,100,,1.0,2026-01-04T05:30:00Z,,,
KXNBAMENTION-26JAN03PHINYK-TECH,"What will the announcers say during Philadelphia vs New York professional basketball game originally scheduled for Jan 3, 2026?",active,0,100,,1.0,2026-01-04T05:30:00Z,,,
KXNBAMENTION-26JAN03PHINYK-RETI,"What will the announcers say during Philadelphia vs New York professional basketball game originally scheduled for Jan 3, 2026?",active,0,100,,1.0,2026-01-04T05:30:00Z,,,
KXNBAMENTION-26JAN03PHINYK-PLAY,"What will the announcers say during Philadelphia vs New York professional basketball game originally scheduled for Jan 3, 2026?",active,0,100,,1.0,2026-01-04T05:30:00Z,,,
KXNBAMENTION-26JAN03PHINYK-MVP,"What will the announcers say during Philadelphia vs New York professional basketball game originally scheduled for Jan 3, 2026?",active,0,100,,1.0,2026-01-04T05:30:00Z,,,
KXNBAMENTION-26JAN03PHINYK-MSG,"What will the announcers say during Philadelphia vs New York professional basketball game originally scheduled for Jan 3, 2026?",active,0,100,,1.0,2026-01-04T05:30:00Z,,,
KXNBAMENTION-26JAN03PHINYK-INJU,"What will the announcers say during Philadelphia vs New York professional basketball game originally scheduled for Jan 3, 2026?",active,0,100,,1.0,2026-01-04T05:30:00Z,,,
KXNBAMENTION-26JAN03PHINYK-BUZZ,"What will the announcers say during Philadelphia vs New York professional basketball game originally scheduled for Jan 3, 2026?",active,0,100,,1.0,2026-01-04T05:30:00Z,,,
KXNBAMENTION-26JAN03PHINYK-ANKL,"What will the announcers say during Philadelphia vs New York professional basketball game originally scheduled for Jan 3, 2026?",active,0,100,,1.0,2026-01-04T05:30:00Z,,,
KXNBAMENTION-26JAN03PHINYK-ALLE,"What will the announcers say during Philadelphia vs New York professional basketball game originally scheduled for Jan 3, 2026?",active,0,100,,1.0,2026-01-04T05:30:00Z,,,
KXNBAMENTION-26JAN03PHINYK-ALL,"What will the announcers say during Philadelphia vs New York professional basketball game originally scheduled for Jan 3, 2026?",active,0,100,,1.0,2026-01-04T05:30:00Z,,,
KXNBAMENTION-26JAN03PHINYK-AIR,"What will the announcers say during Philadelphia vs New York professional basketball game originally scheduled for Jan 3, 2026?",active,0,100,,1.0,2026-01-04T05:30:00Z,,,
KXNBAMENTION-26JAN03BOSLAC-TRIP,"What will the announcers say during Boston vs Los Angeles C professional basketball game originally scheduled for Jan 3, 2026?",active,0,100,,1.0,2026-01-04T08:00:00Z,,,
KXNBAMENTION-26JAN03BOSLAC-TRAD,"What will the announcers say during Boston vs Los Angeles C professional basketball game originally scheduled for Jan 3, 2026?",active,0,100,,1.0,2026-01-04T08:00:00Z,,,
KXNBAMENTION-26JAN03BOSLAC-TECH,"What will the announcers say during Boston vs Los Angeles C professional basketball game originally scheduled for Jan 3, 2026?",active,0,100,,1.0,2026-01-04T08:00:00Z,,,
KXNBAMENTION-26JAN03BOSLAC-RETI,"What will the announcers say during Boston vs Los Angeles C professional basketball game originally scheduled for Jan 3, 2026?",active,0,100,,1.0,2026-01-04T08:00:00Z,,,
KXNBAMENTION-26JAN03BOSLAC-PLAY,"What will the announcers say during Boston vs Los Angeles C professional basketball game originally scheduled for Jan 3, 2026?",active,0,100,,1.0,2026-01-04T08:00:00Z,,,
KXNBAMENTION-26JAN03BOSLAC-MVP,"What will the announcers say during Boston vs Los Angeles C professional basketball game originally scheduled for Jan 3, 2026?",active,0,100,,1.0,2026-01-04T08:00:00Z,,,
KXNBAMENTION-26JAN03BOSLAC-INTU,"What will the announcers say during Boston vs Los Angeles C professional basketball game originally scheduled for Jan 3, 2026?",active,0,100,,1.0,2026-01-04T08:00:00Z,,,
KXNBAMENTION-26JAN03BOSLAC-INJU,"What will the announcers say during Boston vs Los Angeles C professional basketball game originally scheduled for Jan 3, 2026?",active,0,100,,1.0,2026-01-04T08:00:00Z,,,
KXNBAMENTION-26JAN03BOSLAC-BUZZ,"What will the announcers say during Boston vs Los Angeles C professional basketball game originally scheduled for Jan 3, 2026?",active,0,100,,1.0,2026-01-04T08:00:00Z,,,
KXNBAMENTION-26JAN03BOSLAC-ANKL,"What will the announcers say during Boston vs Los Angeles C professional basketball game originally scheduled for Jan 3, 2026?",active,0,100,,1.0,2026-01-04T08:00:00Z,,,
KXNBAMENTION-26JAN03BOSLAC-ALLE,"What will the announcers say during Boston vs Los Angeles C professional basketball game originally scheduled for Jan 3, 2026?",active,0,100,,1.0,2026-01-04T08:00:00Z,,,
KXNBAMENTION-26JAN03BOSLAC-ALL,"What will the announcers say during Boston vs Los Angeles C professional basketball game originally scheduled for Jan 3, 2026?",active,0,100,,1.0,2026-01-04T08:00:00Z,,,
KXNBAMENTION-26JAN03BOSLAC-AIR,"What will the announcers say during Boston vs Los Angeles C professional basketball game originally scheduled for Jan 3, 2026?",active,0,100,,1.0,2026-01-04T08:00:00Z,,,
KXNFLRSHYDS-26JAN04INDHOU-HOUWMARKS27-80,Woody Marks records 80+ rushing yards,active,0,100,,1.0,2026-01-18T18:00:00Z,,,
KXNFLRSHYDS-26JAN04INDHOU-HOUWMARKS27-70,Woody Marks records 70+ rushing yards,active,0,100,,1.0,2026-01-18T18:00:00Z,,,
KXNFLRSHYDS-26JAN04INDHOU-HOUWMARKS27-60,Woody Marks records 60+ rushing yards,active,0,100,,1.0,2026-01-18T18:00:00Z,,,
KXNFLRSHYDS-26JAN04INDHOU-HOUWMARKS27-50,Woody Marks records 50+ rushing yards,active,0,100,,1.0,2026-01-18T18:00:00Z,,,
KXNFLRSHYDS-26JAN04INDHOU-HOUWMARKS27-40,Woody Marks records 40+ rushing yards,active,0,100,,1.0,2026-01-18T18:00:00Z,,,
KXNFLREC-26JAN04DETCHI-CHIDMOORE2-5,DJ Moore records 5+ receptions,active,0,100,,1.0,2026-01-18T21:25:00Z,,,
KXNFLREC-26JAN04DETCHI-CHIDMOORE2-4,DJ Moore records 4+ receptions,active,0,100,,1.0,2026-01-18T21:25:00Z,,,
KXNFLREC-26JAN04DETCHI-CHIDMOORE2-2,DJ Moore records 2+ receptions,active,0,100,,1.0,2026-01-18T21:25:00Z,,,
KXNFLREC-26JAN04DETCHI-CHIDMOORE2-1,DJ Moore records 1+ receptions,active,0,100,,1.0,2026-01-18T21:25:00Z,,,
KXPARDONSTRUMP-26JAN-63,"Will Trump pardon between 26 and 100 people before Feb 1, 2026?",active,0,100,,1.0,2026-02-01T15:00:00Z,,,
KXPARDONSTRUMP-26JAN-3,"Will Trump pardon between 3 and 3 people before Feb 1, 2026?",active,0,100,,1.0,2026-02-01T15:00:00Z,,,
KXPARDONSTRUMP-26JAN-2,"Will Trump pardon between 2 and 2 people before Feb 1, 2026?",active,0,100,,1.0,2026-02-01T15:00:00Z,,,
KXPARDONSTRUMP-26JAN-14,"Will Trump pardon between 4 and 25 people before Feb 1, 2026?",active,0,100,,1.0,2026-02-01T15:00:00Z,,,
KXPARDONSTRUMP-26JAN-100,"Will Trump pardon above 100 people before Feb 1, 2026?",active,0,100,,1.0,2026-02-01T15:00:00Z,,,
KXPARDONSTRUMP-26JAN-1,"Will Trump pardon between 1 and 1 people before Feb 1, 2026?",active,0,100,,1.0,2026-02-01T15:00:00Z,,,
KXPARDONSTRUMP-26JAN-0,"Will Trump pardon between 0 and 0 people before Feb 1, 2026?",active,0,100,,1.0,2026-02-01T15:00:00Z,,,
KXCODINGMODEL-26DEC-ZAI,"Which AI company will have the best coding model on Dec 31, 2026?",active,0,100,,1.0,2026-12-31T15:00:00Z,,,
KXCODINGMODEL-26DEC-XAI,"Which AI company will have the best coding model on Dec 31, 2026?",active,0,100,,1.0,2026-12-31T15:00:00Z,,,
KXCODINGMODEL-26DEC-OPEN,"Which AI company will have the best coding model on Dec 31, 2026?",active,0,100,,1.0,2026-12-31T15:00:00Z,,,
KXCODINGMODEL-26DEC-MOON,"Which AI company will have the best coding model on Dec 31, 2026?",active,0,100,,1.0,2026-12-31T15:00:00Z,,,
KXCODINGMODEL-26DEC-GOOG,"Which AI company will have the best coding model on Dec 31, 2026?",active,0,100,,1.0,2026-12-31T15:00:00Z,,,
KXCODINGMODEL-26DEC-DEEP,"Which AI company will have the best coding model on Dec 31, 2026?",active,0,100,,1.0,2026-12-31T15:00:00Z,,,
KXCODINGMODEL-26DEC-BAID,"Which AI company will have the best coding model on Dec 31, 2026?",active,0,100,,1.0,2026-12-31T15:00:00Z,,,
KXCODINGMODEL-26DEC-ANTH,"Which AI company will have the best coding model on Dec 31, 2026?",active,0,100,,1.0,2026-12-31T15:00:00Z,,,
KXCODINGMODEL-26DEC-ALIB,"Which AI company will have the best coding model on Dec 31, 2026?",active,0,100,,1.0,2026-12-31T15:00:00Z,,,
KXGPTCOST-27,Will OpenAI increase the cost of ChatGPT?,active,0,100,,1.0,2027-01-01T15:00:00Z,,,
KXNFLANYTD-26JAN04CLECIN-CINCBROWN30,Cleveland at Cincinnati: Anytime Touchdown Scorer: Chase Brown,active,0,100,,1.0,2026-01-18T18:00:00Z,,,
KXNFLFIRSTTD-26JAN04CLECIN-CINCBROWN30,Cleveland at Cincinnati: First Touchdown Scorer: Chase Brown,active,0,100,,1.0,2026-01-18T18:00:00Z,,,
KXNFLANYTD-26JAN04LACDEN-DENBNIX10,Los Angeles C at Denver: Anytime Touchdown Scorer: Bo Nix,active,0,100,,1.0,2026-01-18T21:25:00Z,,,
KXNFLFIRSTTD-26JAN04LACDEN-DENBNIX10,Los Angeles C at Denver: First Touchdown Scorer: Bo Nix,active,0,100,,1.0,2026-01-18T21:25:00Z,,,
KXNFLPASSYDS-26JAN04MIANE-MIAQEWERS14-350,Quinn Ewers records 350+ passing yards,active,0,100,,1.0,2026-01-18T21:25:00Z,,,
KXNFLPASSYDS-26JAN04MIANE-MIAQEWERS14-325,Quinn Ewers records 325+ passing yards,active,0,100,,1.0,2026-01-18T21:25:00Z,,,
KXNFLPASSYDS-26JAN04MIANE-MIAQEWERS14-300,Quinn Ewers records 300+ passing yards,active,0,100,,1.0,2026-01-18T21:25:00Z,,,
KXNFLPASSYDS-26JAN04MIANE-MIAQEWERS14-275,Quinn Ewers records 275+ passing yards,active,0,100,,1.0,2026-01-18T21:25:00Z,,,
KXNFLPASSYDS-26JAN04MIANE-MIAQEWERS14-250,Quinn Ewers records 250+ passing yards,active,0,100,,1.0,2026-01-18T21:25:00Z,,,
KXNFLPASSYDS-26JAN04MIANE-MIAQEWERS14-225,Quinn Ewers records 225+ passing yards,active,0,100,,1.0,2026-01-18T21:25:00Z,,,
KXNFLPASSYDS-26JAN04MIANE-MIAQEWERS14-200,Quinn Ewers records 200+ passing yards,active,0,100,,1.0,2026-01-18T21:25:00Z,,,
KXNFLPASSYDS-26JAN04MIANE-MIAQEWERS14-175,Quinn Ewers records 175+ passing yards,active,0,100,,1.0,2026-01-18T21:25:00Z,,,
KXNFLRECYDS-26JAN04DETCHI-CHILBURDEN10-90,Luther Burden III records 90+ receiving yards,active,0,100,,1.0,2026-01-18T21:25:00Z,,,
KXNFLRECYDS-26JAN04DETCHI-CHILBURDEN10-80,Luther Burden III records 80+ receiving yards,active,0,100,,1.0,2026-01-18T21:25:00Z,,,
KXNFLRECYDS-26JAN04DETCHI-CHILBURDEN10-70,Luther Burden III records 70+ receiving yards,active,0,100,,1.0,2026-01-18T21:25:00Z,,,
KXNFLRECYDS-26JAN04DETCHI-CHILBURDEN10-50,Luther Burden III records 50+ receiving yards,active,0,100,,1.0,2026-01-18T21:25:00Z,,,
KXNFLRECYDS-26JAN04DETCHI-CHILBURDEN10-40,Luther Burden III records 40+ receiving yards,active,0,100,,1.0,2026-01-18T21:25:00Z,,,
KXCBDECISIONCHINA-26JAN19-HOLD,Will the People's Bank of China Maintain current rate at the Jan 2026 PBOC meeting?,active,0,100,,1.0,2026-01-20T01:14:00Z,,,
KXCBDECISIONCHINA-26JAN19-H10P,Will the People's Bank of China Hike more than 10bp at the Jan 2026 PBOC meeting?,active,0,100,,1.0,2026-01-20T01:14:00Z,,,
KXCBDECISIONCHINA-26JAN19-H10,Will the People's Bank of China Hike 1-10 basis points at the Jan 2026 PBOC meeting?,active,0,100,,1.0,2026-01-20T01:14:00Z,,,
KXCBDECISIONCHINA-26JAN19-C10P,Will the People's Bank of China Cut more than 10bp at the Jan 2026 PBOC meeting?,active,0,100,,1.0,2026-01-20T01:14:00Z,,,
KXCBDECISIONCHINA-26JAN19-C10,Will the People's Bank of China Cut 1-10 basis points at the Jan 2026 PBOC meeting?,active,0,100,,1.0,2026-01-20T01:14:00Z,,,
KXTOKENLAUNCH-27JAN01-UNIT,"Will Unit launch a token before Jan 1, 2027?",active,0,100,,1.0,2026-12-31T18:59:00Z,,,
KXTOKENLAUNCH-27JAN01-TEMPO,"Will Tempo launch a token before Jan 1, 2027?",active,0,100,,1.0,2026-12-31T18:59:00Z,,,
KXTOKENLAUNCH-27JAN01-RAIN,"Will Rainbow launch a token before Jan 1, 2027?",active,0,100,,1.0,2026-12-31T18:59:00Z,,,
KXTOKENLAUNCH-27JAN01-RABB,"Will Rabby launch a token before Jan 1, 2027?",active,0,100,,1.0,2026-12-31T18:59:00Z,,,
KXTOKENLAUNCH-27JAN01-PHAN,"Will Phantom launch a token before Jan 1, 2027?",active,0,100,,1.0,2026-12-31T18:59:00Z,,,
KXTOKENLAUNCH-27JAN01-OSTI,"Will Ostium launch a token before Jan 1, 2027?",active,0,100,,1.0,2026-12-31T18:59:00Z,,,
KXTOKENLAUNCH-27JAN01-OPEN,"Will OpenSea launch a token before Jan 1, 2027?",active,0,100,,1.0,2026-12-31T18:59:00Z,,,
KXTOKENLAUNCH-27JAN01-META,"Will MetaMask launch a token before Jan 1, 2027?",active,0,100,,1.0,2026-12-31T18:59:00Z,,,
KXTOKENLAUNCH-27JAN01-FOMO,"Will Fomo launch a token before Jan 1, 2027?",active,0,100,,1.0,2026-12-31T18:59:00Z,,,
KXTOKENLAUNCH-27JAN01-FELI,"Will Felix launch a token before Jan 1, 2027?",active,0,100,,1.0,2026-12-31T18:59:00Z,,,
KXTOKENLAUNCH-27JAN01-EXPO,"Will Exponent launch a token before Jan 1, 2027?",active,0,100,,1.0,2026-12-31T18:59:00Z,,,
KXTOKENLAUNCH-27JAN01-BASE,"Will Base launch a token before Jan 1, 2027?",active,0,100,,1.0,2026-12-31T18:59:00Z,,,
KXTOKENLAUNCH-27JAN01-BACK,"Will Backpack launch a token before Jan 1, 2027?",active,0,100,,1.0,2026-12-31T18:59:00Z,,,
KXTOKENLAUNCH-27JAN01-ARC,"Will Arc launch a token before Jan 1, 2027?",active,0,100,,1.0,2026-12-31T18:59:00Z,,,
KXTOKENLAUNCH-27JAN01-ABST,"Will Abstract launch a token before Jan 1, 2027?",active,0,100,,1.0,2026-12-31T18:59:00Z,,,
KXFEATURETRAVISSCOTT-27-YE,Will Kanye West (Ye) be featured on Travis Scott's next album?,active,0,100,,1.0,2027-01-01T15:00:00Z,,,
KXFEATURETRAVISSCOTT-27-SZA,Will SZA be featured on Travis Scott's next album?,active,0,100,,1.0,2027-01-01T15:00:00Z,,,
KXFEATURETRAVISSCOTT-27-SOF,Will SoFaygo be featured on Travis Scott's next album?,active,0,100,,1.0,2027-01-01T15:00:00Z,,,
KXFEATURETRAVISSCOTT-27-SHE,Will Sheck Wes be featured on Travis Scott's next album?,active,0,100,,1.0,2027-01-01T15:00:00Z,,,
KXFEATURETRAVISSCOTT-27-PLA,Will Playboi Carti be featured on Travis Scott's next album?,active,0,100,,1.0,2027-01-01T15:00:00Z,,,
KXFEATURETRAVISSCOTT-27-FUT,Will Future be featured on Travis Scott's next album?,active,0,100,,1.0,2027-01-01T15:00:00Z,,,
KXFEATURETRAVISSCOTT-27-DRA,Will Drake be featured on Travis Scott's next album?,active,0,100,,1.0,2027-01-01T15:00:00Z,,,
KXFEATURETRAVISSCOTT-27-DON,Will Don Toliver be featured on Travis Scott's next album?,active,0,100,,1.0,2027-01-01T15:00:00Z,,,
KXFEATURETRAVISSCOTT-27-BAB,Will Lil Baby be featured on Travis Scott's next album?,active,0,100,,1.0,2027-01-01T15:00:00Z,,,
KXFEATURETRAVISSCOTT-27-21S,Will 21 Savage be featured on Travis Scott's next album?,active,0,100,,1.0,2027-01-01T15:00:00Z,,,
KXVENUEPERFORMANCEMSG-27DEC31-WEE,Will The Weeknd perform at Madison Square Garden 2027?,active,0,100,,1.0,2028-01-07T15:00:00Z,,,
KXVENUEPERFORMANCEMSG-27DEC31-TRA,Will Travis Scott perform at Madison Square Garden 2027?,active,0,100,,1.0,2028-01-07T15:00:00Z,,,
KXVENUEPERFORMANCEMSG-27DEC31-TAY,Will Taylor Swift perform at Madison Square Garden 2027?,active,0,100,,1.0,2028-01-07T15:00:00Z,,,
KXVENUEPERFORMANCEMSG-27DEC31-TAT,Will Tate McRae perform at Madison Square Garden 2027?,active,0,100,,1.0,2028-01-07T15:00:00Z,,,
KXVENUEPERFORMANCEMSG-27DEC31-SAB,Will Sabrina Carpenter perform at Madison Square Garden 2027?,active,0,100,,1.0,2028-01-07T15:00:00Z,,,
KXVENUEPERFORMANCEMSG-27DEC31-PLA,Will Playboi Carti perform at Madison Square Garden 2027?,active,0,100,,1.0,2028-01-07T15:00:00Z,,,
KXVENUEPERFORMANCEMSG-27DEC31-OLI,Will Olivia Rodrigo perform at Madison Square Garden 2027?,active,0,100,,1.0,2028-01-07T15:00:00Z,,,
KXVENUEPERFORMANCEMSG-27DEC31-KAN,Will Kanye West (Ye) perform at Madison Square Garden 2027?,active,0,100,,1.0,2028-01-07T15:00:00Z,,,
KXVENUEPERFORMANCEMSG-27DEC31-ICE,Will Ice Spice perform at Madison Square Garden 2027?,active,0,100,,1.0,2028-01-07T15:00:00Z,,,
KXVENUEPERFORMANCEMSG-27DEC31-FRE,Will Fred again.. perform at Madison Square Garden 2027?,active,0,100,,1.0,2028-01-07T15:00:00Z,,,
KXVENUEPERFORMANCEMSG-27DEC31-DRA,Will Drake perform at Madison Square Garden 2027?,active,0,100,,1.0,2028-01-07T15:00:00Z,,,
KXVENUEPERFORMANCEMSG-27DEC31-CHA,Will Chappell Roan perform at Madison Square Garden 2027?,active,0,100,,1.0,2028-01-07T15:00:00Z,,,
KXVENUEPERFORMANCEMSG-27DEC31-CEN,Will Central Cee perform at Madison Square Garden 2027?,active,0,100,,1.0,2028-01-07T15:00:00Z,,,
KXVENUEPERFORMANCEMSG-27DEC31-BRU,Will Bruno Mars perform at Madison Square Garden 2027?,active,0,100,,1.0,2028-01-07T15:00:00Z,,,
KXVENUEPERFORMANCEMSG-27DEC31-BAD,Will Bad Bunny perform at Madison Square Garden 2027?,active,0,100,,1.0,2028-01-07T15:00:00Z,,,
KXNBA2D-26JAN02DENCLE-CLEDGARLAND10,Denver at Cleveland: Double Doubles: Darius Garland,active,0,100,,1.0,2026-01-17T00:30:00Z,,,
KXNBA3PT-26JAN02DENCLE-CLEDGARLAND10-5,Darius Garland records 5+ threes,active,0,100,,1.0,2026-01-17T00:30:00Z,,,
KXNBA3PT-26JAN02DENCLE-CLEDGARLAND10-4,Darius Garland records 4+ threes,active,0,100,,1.0,2026-01-17T00:30:00Z,,,
KXNBA3PT-26JAN02DENCLE-CLEDGARLAND10-3,Darius Garland records 3+ threes,active,0,100,,1.0,2026-01-17T00:30:00Z,,,
KXNBA3PT-26JAN02DENCLE-CLEDGARLAND10-2,Darius Garland records 2+ threes,active,0,100,,1.0,2026-01-17T00:30:00Z,,,
KXNBA3PT-26JAN02DENCLE-CLEDGARLAND10-1,Darius Garland records 1+ threes,active,0,100,,1.0,2026-01-17T00:30:00Z,,,
KXNBAAST-26JAN02DENCLE-CLEDGARLAND10-8,Darius Garland records 8+ assists,active,0,100,,1.0,2026-01-17T00:30:00Z,,,
KXNBAAST-26JAN02DENCLE-CLEDGARLAND10-7,Darius Garland records 7+ assists,active,0,100,,1.0,2026-01-17T00:30:00Z,,,
KXNBAAST-26JAN02DENCLE-CLEDGARLAND10-6,Darius Garland records 6+ assists,active,0,100,,1.0,2026-01-17T00:30:00Z,,,
KXNBAAST-26JAN02DENCLE-CLEDGARLAND10-12,Darius Garland records 12+ assists,active,0,100,,1.0,2026-01-17T00:30:00Z,,,
KXNBAAST-26JAN02DENCLE-CLEDGARLAND10-10,Darius Garland records 10+ assists,active,0,100,,1.0,2026-01-17T00:30:00Z,,,
KXNFLANYTD-26JAN04KCLV-KCKHUNT29,Kansas City at Las Vegas: Anytime Touchdown Scorer: Kareem Hunt,active,0,100,,1.0,2026-01-18T21:25:00Z,,,
KXNFLFIRSTTD-26JAN04KCLV-KCKHUNT29,Kansas City at Las Vegas: First Touchdown Scorer: Kareem Hunt,active,0,100,,1.0,2026-01-18T21:25:00Z,,,
KXLAGODAYS-26JAN-5,Will Trump make 5 trips to Mar-a-Lago as President in Jan 2026?,active,0,100,,1.0,2026-02-02T04:59:00Z,,,
KXLAGODAYS-26JAN-4,Will Trump make 4 trips to Mar-a-Lago as President in Jan 2026?,active,0,100,,1.0,2026-02-02T04:59:00Z,,,
KXLAGODAYS-26JAN-3,Will Trump make 3 trips to Mar-a-Lago as President in Jan 2026?,active,0,100,,1.0,2026-02-02T04:59:00Z,,,
KXLAGODAYS-26JAN-2,Will Trump make 2 trips to Mar-a-Lago as President in Jan 2026?,active,0,100,,1.0,2026-02-02T04:59:00Z,,,
KXLAGODAYS-26JAN-1,Will Trump make 1 trips to Mar-a-Lago as President in Jan 2026?,active,0,100,,1.0,2026-02-02T04:59:00Z,,,
KXWMARMAD-26-USC,Will USC win the Women's College Basketball National Championship?,active,0,100,,1.0,2026-04-19T14:00:00Z,,,
KXWMARMAD-26-UNC,Will North Carolina win the Women's College Basketball National Championship?,active,0,100,,1.0,2026-04-19T14:00:00Z,,,
KXWMARMAD-26-UK,Will Kentucky win the Women's College Basketball National Championship?,active,0,100,,1.0,2026-04-19T14:00:00Z,,,
KXWMARMAD-26-UCLA,Will UCLA win the Women's College Basketball National Championship?,active,0,100,,1.0,2026-04-19T14:00:00Z,,,
KXWMARMAD-26-TEX,Will Texas win the Women's College Basketball National Championship?,active,0,100,,1.0,2026-04-19T14:00:00Z,,,
KXWMARMAD-26-TENN,Will Tennessee win the Women's College Basketball National Championship?,active,0,100,,1.0,2026-04-19T14:00:00Z,,,
KXWMARMAD-26-TCU,Will TCU win the Women's College Basketball National Championship?,active,0,100,,1.0,2026-04-19T14:00:00Z,,,
KXWMARMAD-26-SCAR,Will South Carolina win the Women's College Basketball National Championship?,active,0,100,,1.0,2026-04-19T14:00:00Z,,,
KXWMARMAD-26-OKLA,Will Oklahoma win the Women's College Basketball National Championship?,active,0,100,,1.0,2026-04-19T14:00:00Z,,,
KXWMARMAD-26-ND,Will Notre Dame win the Women's College Basketball National Championship?,active,0,100,,1.0,2026-04-19T14:00:00Z,,,
KXWMARMAD-26-NCST,Will North Carolina St. win the Women's College Basketball National Championship?,active,0,100,,1.0,2026-04-19T14:00:00Z,,,
KXWMARMAD-26-MISS,Will Ole Miss win the Women's College Basketball National Championship?,active,0,100,,1.0,2026-04-19T14:00:00Z,,,
KXWMARMAD-26-MICH,Will Michigan win the Women's College Basketball National Championship?,active,0,100,,1.0,2026-04-19T14:00:00Z,,,
KXWMARMAD-26-LSU,Will LSU win the Women's College Basketball National Championship?,active,0,100,,1.0,2026-04-19T14:00:00Z,,,
KXWMARMAD-26-LOU,Will Louisville win the Women's College Basketball National Championship?,active,0,100,,1.0,2026-04-19T14:00:00Z,,,
KXWMARMAD-26-ISU,Will Iowa St. win the Women's College Basketball National Championship?,active,0,100,,1.0,2026-04-19T14:00:00Z,,,
KXWMARMAD-26-IOWA,Will Iowa win the Women's College Basketball National Championship?,active,0,100,,1.0,2026-04-19T14:00:00Z,,,
KXWMARMAD-26-DUKE,Will Duke win the Women's College Basketball National Championship?,active,0,100,,1.0,2026-04-19T14:00:00Z,,,
KXWMARMAD-26-CONN,Will UConn win the Women's College Basketball National Championship?,active,0,100,,1.0,2026-04-19T14:00:00Z,,,
KXWMARMAD-26-BAY,Will Baylor win the Women's College Basketball National Championship?,active,0,100,,1.0,2026-04-19T14:00:00Z,,,
KXOSCARNOMDIR-26-MAS,2026 Best Director Oscar nominations?,active,0,100,,1.0,2026-01-22T17:30:00Z,,,Mascha Schilinski:: Sound of Falling
KXBTCMAXY-26DEC31-99999.99,"Will Bitcoin be above $99999.99 by Dec 31, 2026 at 11:59 PM ET?",active,0,100,,1.0,2027-01-01T04:59:00Z,,,
KXBTCMAXY-26DEC31-109999.99,"Will Bitcoin be above $109999.99 by Dec 31, 2026 at 11:59 PM ET?",active,0,100,,1.0,2027-01-01T04:59:00Z,,,
KXARTISTCOLLABDRAKEPLAYBOICARTI-2027,Will Drake and Playboi Carti make a song together?,active,0,100,,1.0,2027-01-01T15:00:00Z,,,
KXCRYPTOPAY-27,"Will any of Google, Meta, Amazon, Tesla, or X accept crypto for any of their core services in 2026?",active,0,100,,1.0,2027-01-01T15:00:00Z,,,
KXLLAMA5-27,Will Meta release A model called Llama 5 or greater before Jan 2027?,active,0,100,,1.0,2027-01-01T15:00:00Z,,,
KXMODELHIGH-27-QWEN,Will Qwen be the first to hit 1500 on Chatbot Arena?,active,0,100,,1.0,2027-01-01T15:00:00Z,,,:: Alibaba
KXMODELHIGH-27-LLAM,Will LLaMA be the first to hit 1500 on Chatbot Arena?,active,0,100,,1.0,2027-01-01T15:00:00Z,,,:: Meta
KXMODELHIGH-27-GROK,Will Grok be the first to hit 1500 on Chatbot Arena?,active,0,100,,1.0,2027-01-01T15:00:00Z,,,:: xAI
KXMODELHIGH-27-GEMI,Will Gemini be the first to hit 1500 on Chatbot Arena?,active,0,100,,1.0,2027-01-01T15:00:00Z,,,:: Google
KXMODELHIGH-27-ERNI,Will Ernie be the first to hit 1500 on Chatbot Arena?,active,0,100,,1.0,2027-01-01T15:00:00Z,,,:: Baidu
KXMODELHIGH-27-CLAU,Will Claude be the first to hit 1500 on Chatbot Arena?,active,0,100,,1.0,2027-01-01T15:00:00Z,,,:: Anthropic
KXMODELHIGH-27-CHAT,Will ChatGPT be the first to hit 1500 on Chatbot Arena?,active,0,100,,1.0,2027-01-01T15:00:00Z,,,:: OpenAI
KXSUBWAY-27-4.65,"Will NYC subway ridership reach 100% of the pre-Covid average before Jan 1, 2027?",active,0,100,,1.0,2027-01-01T15:00:00Z,,,:: 100% of the 2019 average
KXSUBWAY-27-4.19,"Will NYC subway ridership reach 90% of the pre-Covid average before Jan 1, 2027?",active,0,100,,1.0,2027-01-01T15:00:00Z,,,:: 90% of the 2019 average
KXSUBWAY-27-3.95,"Will NYC subway ridership reach 85% of the pre-Covid average before Jan 1, 2027?",active,0,100,,1.0,2027-01-01T15:00:00Z,,,:: 85% of the 2019 average
KXSUBWAY-27-3.72,"Will NYC subway ridership reach 80% of the pre-Covid average before Jan 1, 2027?",active,0,100,,1.0,2027-01-01T15:00:00Z,,,:: 80% of the 2019 average
KXTESLAROADSTER-27,Tesla Roadsters delivered before 2026?,active,0,100,,1.0,2027-01-01T04:59:00Z,,,"Before Jan 1, 2027"
KXVENUEPERFORMANCEDRAKE-27JAN01-WEM,Will Drake perform at Wembley Stadium 2026?,active,0,100,,1.0,2027-01-08T15:00:00Z,,,
KXVENUEPERFORMANCEDRAKE-27JAN01-SOL,Will Drake perform at Soldier Field 2026?,active,0,100,,1.0,2027-01-08T15:00:00Z,,,
KXVENUEPERFORMANCEDRAKE-27JAN01-SOF,Will Drake perform at SoFi Stadium 2026?,active,0,100,,1.0,2027-01-08T15:00:00Z,,,
KXVENUEPERFORMANCEDRAKE-27JAN01-SCO,Will Drake perform at Scotiabank Arena 2026?,active,0,100,,1.0,2027-01-08T15:00:00Z,,,
KXVENUEPERFORMANCEDRAKE-27JAN01-ROG,Will Drake perform at Rogers Centre 2026?,active,0,100,,1.0,2027-01-08T15:00:00Z,,,
KXVENUEPERFORMANCEDRAKE-27JAN01-MSG,Will Drake perform at Madison Square Garden 2026?,active,0,100,,1.0,2027-01-08T15:00:00Z,,,
KXVENUEPERFORMANCEDRAKE-27JAN01-MET,Will Drake perform at MetLife Stadium 2026?,active,0,100,,1.0,2027-01-08T15:00:00Z,,,
KXVENUEPERFORMANCEDRAKE-27JAN01-MER,Will Drake perform at Mercedes-Benz Stadium 2026?,active,0,100,,1.0,2027-01-08T15:00:00Z,,,
KXVENUEPERFORMANCEDRAKE-27JAN01-HAR,Will Drake perform at Hard Rock Stadium 2026?,active,0,100,,1.0,2027-01-08T15:00:00Z,,,
KXVENUEPERFORMANCEDRAKE-27JAN01-AT,Will Drake perform at AT&T Stadium 2026?,active,0,100,,1.0,2027-01-08T15:00:00Z,,,
KXPRESNOMFEDCHAIR-25-26JAN22,Will Trump announce his new Chair of the Federal Reserve in 2026?,active,0,100,,1.0,2026-01-22T04:59:00Z,,,
KXPRESNOMFEDCHAIR-25-26FEB15,Will Trump announce his new Chair of the Federal Reserve in 2026?,active,0,100,,1.0,2026-02-15T04:59:00Z,,,
KXNFLREC-26JAN04CLECIN-CINJCHASE1-9,Ja'Marr Chase records 9+ receptions,active,0,100,,1.0,2026-01-18T18:00:00Z,,,
KXNFLREC-26JAN04CLECIN-CINJCHASE1-8,Ja'Marr Chase records 8+ receptions,active,0,100,,1.0,2026-01-18T18:00:00Z,,,
KXNFLREC-26JAN04CLECIN-CINJCHASE1-6,Ja'Marr Chase records 6+ receptions,active,0,100,,1.0,2026-01-18T18:00:00Z,,,
KXNFLREC-26JAN04CLECIN-CINJCHASE1-5,Ja'Marr Chase records 5+ receptions,active,0,100,,1.0,2026-01-18T18:00:00Z,,,
KXNFLREC-26JAN04TENJAC-JACBTHOMAS7-6,Brian Thomas Jr. records 6+ receptions,active,0,100,,1.0,2026-01-18T18:00:00Z,,,
KXNFLREC-26JAN04TENJAC-JACBTHOMAS7-5,Brian Thomas Jr. records 5+ receptions,active,0,100,,1.0,2026-01-18T18:00:00Z,,,
KXNFLREC-26JAN04TENJAC-JACBTHOMAS7-3,Brian Thomas Jr. records 3+ receptions,active,0,100,,1.0,2026-01-18T18:00:00Z,,,
KXNFLREC-26JAN04TENJAC-JACBTHOMAS7-2,Brian Thomas Jr. records 2+ receptions,active,0,100,,1.0,2026-01-18T18:00:00Z,,,
KXNFLANYTD-26JAN04WASPHI-WASTMCLAURIN17,Washington at Philadelphia: Anytime Touchdown Scorer: Terry McLaurin,active,0,100,,1.0,2026-01-18T21:25:00Z,,,
KXNFLANYTD-26JAN04WASPHI-WASDSAMUEL1,Washington at Philadelphia: Anytime Touchdown Scorer: Deebo Samuel,active,0,100,,1.0,2026-01-18T21:25:00Z,,,
KXNFLANYTD-26JAN04WASPHI-WASCRODRIGUEZ36,Washington at Philadelphia: Anytime Touchdown Scorer: Chris Rodriguez Jr.,active,0,100,,1.0,2026-01-18T21:25:00Z,,,
KXNFLFIRSTTD-26JAN04WASPHI-WASTMCLAURIN17,Washington at Philadelphia: First Touchdown Scorer: Terry McLaurin,active,0,100,,1.0,2026-01-18T21:25:00Z,,,
KXNFLFIRSTTD-26JAN04WASPHI-WASDSAMUEL1,Washington at Philadelphia: First Touchdown Scorer: Deebo Samuel,active,0,100,,1.0,2026-01-18T21:25:00Z,,,
KXNFLFIRSTTD-26JAN04WASPHI-WASCRODRIGUEZ36,Washington at Philadelphia: First Touchdown Scorer: Chris Rodriguez Jr.,active,0,100,,1.0,2026-01-18T21:25:00Z,,,
KXSTARMERMENTION-26JAN08-UKRA,Will Keir Starmer say Ukraine at Prime Minister's Questions on January 7th?,active,0,100,,1.0,2026-01-08T15:00:00Z,,,
KXSTARMERMENTION-26JAN08-TWO,Will Keir Starmer say Two Child at Prime Minister's Questions on January 7th?,active,0,100,,1.0,2026-01-08T15:00:00Z,,,
KXSTARMERMENTION-26JAN08-TRUM,Will Keir Starmer say Trump at Prime Minister's Questions on January 7th?,active,0,100,,1.0,2026-01-08T15:00:00Z,,,
